<?xml version="1.0" encoding="UTF-8"?>

<Bundle xmlns="http://hl7.org/fhir">
  <id value="046f2c26-f801-48fd-bcd4-73ddb02f23c9"/>
  <meta>
    <lastUpdated value="2025-11-12T08:59:37.646+00:00"/>
  </meta>
  <type value="collection"/>
  <entry>
    <fullUrl value="http://smart.who.int/ig-empty/ValueSet/zim-gender-vs"/>
    <resource>
      <ValueSet>
        <text>
          <status value="generated"/>
          <div xmlns="http://www.w3.org/1999/xhtml">
            <p class="res-header-id"/>
            <p style="border: black 1px dotted; background-color: #EEEEEE; padding: 8px; margin-bottom: 8px">Expansion performed internally based on 
              <a href="http://hl7.org/fhir/R4/codesystem-administrative-gender.html">codesystem AdministrativeGender v4.0.1 (CodeSystem)</a>
              <span class="copy-text-inline">
                <button data-clipboard-text="http://hl7.org/fhir/administrative-gender|4.0.1" title="Click to Copy URL" class="btn-copy"> </button>
              </span>
            </p>
            <p>This value set contains 3 concepts</p>
            <table class="codes" data-fhir="generated">
              <tr>
                <td>
                  <b>System</b>
                </td>
                <td style="white-space:nowrap">
                  <b>Code</b>
                </td>
                <td>
                  <b>Display (en)</b>
                </td>
                <td>
                  <b>JSON</b>
                </td>
                <td>
                  <b>XML</b>
                </td>
              </tr>
              <tr>
                <td>
                  <a name="x-http://hl7.org/fhir/administrative-gender-male"> </a>
                  <code>http://hl7.org/fhir/administrative-gender</code>
                </td>
                <td style="white-space:nowrap">  
                  <a href="http://hl7.org/fhir/R4/codesystem-administrative-gender.html#administrative-gender-male">male</a>
                </td>
                <td>Male</td>
                <td>
                  <span class="copy-text-inline">
                    <button data-clipboard-text="{&quot;system&quot;: &quot;http://hl7.org/fhir/administrative-gender&quot;, &quot;version&quot;: &quot;4.0.1&quot;, &quot;code&quot;: &quot;male&quot;, &quot;display&quot;: &quot;Male&quot;}" title="Click to Copy as Coding" class="btn-copy"> </button>
                  </span>
                </td>
                <td>
                  <span class="copy-text-inline">
                    <button data-clipboard-text="&lt;coding&gt;&lt;system value=&quot;http://hl7.org/fhir/administrative-gender&quot;&gt;&lt;version value=&quot;4.0.1&quot;&gt;&lt;code value=&quot;male&quot;&gt;&lt;display value=&quot;Male&quot;&gt;&lt;/coding&gt;" title="Click to Copy as Coding" class="btn-copy"> </button>
                  </span>
                </td>
              </tr>
              <tr>
                <td>
                  <a name="x-http://hl7.org/fhir/administrative-gender-female"> </a>
                  <code>http://hl7.org/fhir/administrative-gender</code>
                </td>
                <td style="white-space:nowrap">  
                  <a href="http://hl7.org/fhir/R4/codesystem-administrative-gender.html#administrative-gender-female">female</a>
                </td>
                <td>Female</td>
                <td>
                  <span class="copy-text-inline">
                    <button data-clipboard-text="{&quot;system&quot;: &quot;http://hl7.org/fhir/administrative-gender&quot;, &quot;version&quot;: &quot;4.0.1&quot;, &quot;code&quot;: &quot;female&quot;, &quot;display&quot;: &quot;Female&quot;}" title="Click to Copy as Coding" class="btn-copy"> </button>
                  </span>
                </td>
                <td>
                  <span class="copy-text-inline">
                    <button data-clipboard-text="&lt;coding&gt;&lt;system value=&quot;http://hl7.org/fhir/administrative-gender&quot;&gt;&lt;version value=&quot;4.0.1&quot;&gt;&lt;code value=&quot;female&quot;&gt;&lt;display value=&quot;Female&quot;&gt;&lt;/coding&gt;" title="Click to Copy as Coding" class="btn-copy"> </button>
                  </span>
                </td>
              </tr>
              <tr>
                <td>
                  <a name="x-http://hl7.org/fhir/administrative-gender-unknown"> </a>
                  <code>http://hl7.org/fhir/administrative-gender</code>
                </td>
                <td style="white-space:nowrap">  
                  <a href="http://hl7.org/fhir/R4/codesystem-administrative-gender.html#administrative-gender-unknown">unknown</a>
                </td>
                <td>Unknown</td>
                <td>
                  <span class="copy-text-inline">
                    <button data-clipboard-text="{&quot;system&quot;: &quot;http://hl7.org/fhir/administrative-gender&quot;, &quot;version&quot;: &quot;4.0.1&quot;, &quot;code&quot;: &quot;unknown&quot;, &quot;display&quot;: &quot;Unknown&quot;}" title="Click to Copy as Coding" class="btn-copy"> </button>
                  </span>
                </td>
                <td>
                  <span class="copy-text-inline">
                    <button data-clipboard-text="&lt;coding&gt;&lt;system value=&quot;http://hl7.org/fhir/administrative-gender&quot;&gt;&lt;version value=&quot;4.0.1&quot;&gt;&lt;code value=&quot;unknown&quot;&gt;&lt;display value=&quot;Unknown&quot;&gt;&lt;/coding&gt;" title="Click to Copy as Coding" class="btn-copy"> </button>
                  </span>
                </td>
              </tr>
            </table>
          </div>
        </text>
        <url value="http://smart.who.int/ig-empty/ValueSet/zim-gender-vs"/>
        <version value="0.1.0"/>
        <name value="ZimGender"/>
        <title value="ZimGender Value Set"/>
        <status value="draft"/>
        <date value="2025-11-12T08:59:37+00:00"/>
        <jurisdiction>
          <coding>
            <system value="http://unstats.un.org/unsd/methods/m49/m49.htm"/>
            <code value="716"/>
            <display value="Zimbabwe"/>
          </coding>
        </jurisdiction>
        <expansion>
          <identifier value="urn:uuid:0bc453ec-f33a-41bb-bdf1-865005519551"/>
          <timestamp value="2025-11-12T09:00:46+00:00"/>
          <total value="3"/>
          <offset value="0"/>
          <parameter>
            <name value="displayLanguage"/>
            <valueCode value="en"/>
          </parameter>
          <parameter>
            <name value="count"/>
            <valueInteger value="1000"/>
          </parameter>
          <parameter>
            <name value="offset"/>
            <valueInteger value="0"/>
          </parameter>
          <parameter>
            <name value="excludeNested"/>
            <valueBoolean value="false"/>
          </parameter>
          <parameter>
            <name value="used-codesystem"/>
            <valueUri value="http://hl7.org/fhir/administrative-gender|4.0.1"/>
          </parameter>
          <contains>
            <system value="http://hl7.org/fhir/administrative-gender"/>
            <code value="male"/>
            <display value="Male"/>
          </contains>
          <contains>
            <system value="http://hl7.org/fhir/administrative-gender"/>
            <code value="female"/>
            <display value="Female"/>
          </contains>
          <contains>
            <system value="http://hl7.org/fhir/administrative-gender"/>
            <code value="unknown"/>
            <display value="Unknown"/>
          </contains>
        </expansion>
      </ValueSet>
    </resource>
  </entry>
</Bundle>